Recinto,Ciudad,Pais,Fecha de incio,Productora
Vivo Rio,RIO DE JANEIRO,BRASIL,26/02/2016,Agencia 360
El Huevo,VALPARAISO,CHILE,11/08/2022,G & t business group spa
Estadio Unico Diego Armando Maradona,BUENOS AIRES,ARGENTINA,15/03/2016,ATOMIC FILMS
Niceto Club,BUENOS AIRES,ARGENTINA,01/11/2017,FEG ENTRETENIMIENTOS 
Quinta Vergara,VIÑA DEL MAR,CHILE,21/07/2016,Casa eventos
Columbianhalle,BERLIN,ALEMANIA,19/12/2022,Nachhaltige Events
FirstOntario Centre,HAMILTON,CANADA,07/07/2019,Canada Eventos
Carrer Baix Vinalopo,MISLATA,ESPAÑA,14/02/2021,Producciones Baltimore
Salitre Magico,BOGOTA,COLOMBIA,12/07/2019,Ye & Ca Producciones 
Radio City Music Hall,NUEVA YORK,ESTADOS UNIDOS,04/11/2016,Hartmann Studios
Studio The Venue,AUCKLAND,NUEVA ZELANDA,03/07/2020,Ethno Nueva Zelanda
Crypto.com Arena,LOS ANGELES,ESTADOS UNIDOS,17/04/2022,Revelation
Teatro Teletón,SANTIAGO,CHILE,12/11/2016,Andeschimp spa
Luna Park,BUENOS AIRES,ARGENTINA,15/05/2021,ESTADIUM LUNA PARK
Radio City Music Hall,NUEVA YORK,ESTADOS UNIDOS,04/11/2016,Hartmann Studios
Carrer Baix Vinalopo,MISLATA,ESPAÑA,14/02/2021,Producciones Baltimore
Arena TSB Bank ,WELLINGTON,NUEVA ZELANDA,24/09/2019,Lets Dance
SALA SANTANA,BILBAO,ESPAÑA,18/04/2021,IndyRock
Antel Arena,BUENOS AIRES,ARGENTINA,02/08/2022,PROSPERO PRODUCCIONES
Salitre Magico,BOGOTA,COLOMBIA,12/07/2019,Ye & Ca Producciones 
SALA SANTANA,BILBAO,ESPAÑA,16/06/2020,LetsGo Company
Club Subterraneo ,SANTIAGO,CHILE,24/10/2022,Eventos mudness limitada
Thunder Bay,ONTARIO,CANADA,07/09/2022,EventsEye
Kursaal Oostende,OSTEND,BELGICA,29/04/2019,Rove.me
Estadio Monumental,BUENOS AIRES,ARGENTINA,12/01/2019,K PRODUCCIONES S.A.
Shubert Theatre,BOSTON,ESTADOS UNIDOS,08/02/2020,Eveerlast Productions INC.
Radio City Music Hall,NUEVA YORK,ESTADOS UNIDOS,04/11/2016,Hartmann Studios
Teatro Colon,BUENOS AIRES,ARGENTINA,12/09/2019,FMG PRODUCCIONES
Metropol ,BERLIN,ALEMANIA,06/01/2020,Europages
Gran Arena Monticello,SANTIAGO,CHILE,21/10/2016,DG Medios y espectaculos s.a.
Teatro Municipal de Santiago,SANTIAGO,CHILE,18/09/2020,DG Medios y espectaculos s.a.
Explanada Ciudad Empresarial,SANTIAGO,CHILE,13/04/2020,Reverb - productora de eventos
Club Subterraneo ,SANTIAGO,CHILE,24/10/2022,Eventos mudness limitada
Arena TSB Bank ,WELLINGTON,NUEVA ZELANDA,16/01/2017,Event Management NZ
Vivo Rio,RIO DE JANEIRO,BRASIL,26/02/2016,Agencia 360
Mercedes-Benz Arena,BERLIN,ALEMANIA,09/11/2020,Eventveranstalter Hamburg
SALA SANTANA,BILBAO,ESPAÑA,02/06/2022,Planet Events
Thunder Bay,ONTARIO,CANADA,07/09/2022,EventsEye
Sala But,MADRID,ESPAÑA,17/12/2019,Planet Events
HISTORY,TORONTO,CANADA,27/03/2017,EventsEye
Teatro Teletón,SANTIAGO,CHILE,12/11/2016,Andeschimp spa
Gran Arena Monticello,SANTIAGO,CHILE,29/06/2016,BDD Producciones
Days Bay Pavilion,LOWER HUTT,NUEVA ZELANDA,28/03/2020,manatua.nz
Hipodromo de Palermo,BUENOS AIRES,ARGENTINA,24/08/2017,FEG ENTRETENIMIENTOS
Estadio Unico Diego Armando Maradona,BUENOS AIRES,ARGENTINA,15/03/2016,ATOMIC FILMS
Shubert Theatre,BOSTON,ESTADOS UNIDOS,21/06/2020,The Imagos
Salitre Magico,BOGOTA,COLOMBIA,17/12/2022,Audio Level Eventos
Salitre Magico,BOGOTA,COLOMBIA,23/10/2019,Sinstress Eventos
Estadio Monumental,BUENOS AIRES,ARGENTINA,12/01/2019,K PRODUCCIONES S.A.
Shubert Theatre,BOSTON,ESTADOS UNIDOS,08/02/2020,Eveerlast Productions INC.
SALA SANTANA,BILBAO,ESPAÑA,16/06/2020,LetsGo Company
Club Subterraneo ,SANTIAGO,CHILE,11/06/2019,Glovox producciones limitada
Sala La Rivera,MADRID,ESPAÑA,21/12/2020,Live Nation
Warehouse Live,TEXAS,ESTADOS UNIDOS,01/12/2016,AEG
Pabellon Max Schmeling,BERLIN,ALEMANIA,05/09/2020,Nachhaltige Events
Warehouse Live,TEXAS,ESTADOS UNIDOS,26/02/2020,Hartmann Studios
Estadio de Futbol Atanasio Girardot,MEDELLIN,COLOMBIA,09/04/2018,Rocko Saroni Eventos
Opera de Sidney,SYDNEY,AUTRALIA,02/10/2019,Sydney WorldPride
Kursaal Oostende,OSTEND,BELGICA,04/12/2018,Litmind
Teatro Municipal de Valparaiso,VALPARAISO,CHILE,17/02/2020,Productora de eventos moviefan limitada
Velodromo de Berlin,BERLIN,ALEMANIA,10/09/2018,Litmind
Estadio Rose Bowl,LOS ANGELES,ESTADOS UNIDOS,17/07/2022,Horwath Productions INC.
The Anthem,WASHINGTON DC,ESTADOS UNIDOS,16/06/2016,Los Angeles AV Production
Luna Park,BUENOS AIRES,ARGENTINA,05/02/2021,ESTADIUM LUNA PARK
HISTORY,TORONTO,CANADA,14/05/2022,Expat
Thunder Bay,ONTARIO,CANADA,16/02/2020,EventsEye
Vivo Rio,RIO DE JANEIRO,BRASIL,26/02/2016,Agencia 360
Days Bay Pavilion,LOWER HUTT,NUEVA ZELANDA,03/03/2021,Leading Event Agency
Estadio Unico Diego Armando Maradona,BUENOS AIRES,ARGENTINA,15/03/2016,ATOMIC FILMS
Forest National,FOREST,BELGICA,14/11/2018,Global Journey
Teatro Cariola,SANTIAGO,CHILE,28/01/2022,Club providencia
Arena TSB Bank ,WELLINGTON,NUEVA ZELANDA,16/01/2017,Event Management NZ
Teatro Municipal de Valparaiso,VALPARAISO,CHILE,17/02/2020,Productora de eventos moviefan limitada
Estadio Nacional,SANTIAGO,CHILE,17/08/2018,DG Medios y espectaculos s.a.
Lanxess Arena,COLOGNE,ALEMANIA,03/01/2018,CK Events Germany
Freiheitshalle,MUNICH,ALEMANIA,04/03/2022,B+D Events
Arena Ludwingsburg,LUDWINGSBURG,ALEMANIA,22/02/2017,B+D Events
Trafalgar Centre Paru,NELSON,NUEVA ZELANDA,01/04/2022,Queenstown Event Company
Quinta Vergara,VIÑA DEL MAR,CHILE,30/08/2018,G & t business group spa
Sala Apolo,BARCELONA,ESPAÑA,26/02/2016,Live Nation
Vivo Rio,RIO DE JANEIRO,BRASIL,26/02/2016,Agencia 360
Thunder Bay,ONTARIO,CANADA,16/02/2020,EventsEye
Espacio Unimed,SAO PAULO,BRASIL,01/08/2016,Somosfk
Estadio Nacional,SANTIAGO,CHILE,17/08/2018,DG Medios y espectaculos s.a.
Movistar Arena,SANTIAGO,CHILE,04/05/2019,G & t business group spa
Estadio Rose Bowl,LOS ANGELES,ESTADOS UNIDOS,13/07/2017,Revelation
Estadio ANZ,SYDNEY,AUTRALIA,21/06/2016,Event Hire Sydney
Gran Arena Monticello,SANTIAGO,CHILE,19/07/2016,Sony music entertainment chile s.a.
Teatro Cariola,SANTIAGO,CHILE,28/01/2022,Club providencia
Pabellon Max Schmeling,BERLIN,ALEMANIA,05/09/2020,Nachhaltige Events
Thunder Bay,ONTARIO,CANADA,09/08/2022,EventsEye
SOF Q8 Toinha Brasil,BRASILIA,BRASIL,09/08/2019,Urban Music
Teatro Coliseo,SANTIAGO,CHILE,20/04/2018,Producciones oz limitada
Estadio Santa Laura,SANTIAGO,CHILE,16/12/2016,Global producciones spa
Sala Apolo,BARCELONA,ESPAÑA,07/03/2019,Live Nation
Estadio Monumental,SANTIAGO,CHILE,16/06/2016,Vision world producciones limitada
Sala La Rivera,MADRID,ESPAÑA,20/06/2018,LetsGo Company
Estadio Bicentario de La Florida,SANTIAGO,CHILE,27/11/2018,Yellow House
SOF Q8 Toinha Brasil,BRASILIA,BRASIL,08/09/2020,BRL Eventos
Irving Plaza,NUEVA YORK,ESTADOS UNIDOS,09/12/2020,CSI DMC
Radio City Music Hall,NUEVA YORK,ESTADOS UNIDOS,04/11/2016,Hartmann Studios
Pabellon Fuente de San Luis,VALENCIA,ESPAÑA,07/04/2020,Planet Events
Estadio Bicentario de La Florida,SANTIAGO,CHILE,15/10/2021,DG Medios y espectaculos s.a.
Moon Valencia,VALENCIA,ESPAÑA,15/02/2016,Ibolele Producciones
Estadio Unico Diego Armando Maradona,BUENOS AIRES,ARGENTINA,15/03/2016,ATOMIC FILMS
Club Subterraneo ,SANTIAGO,CHILE,24/10/2022,Eventos mudness limitada
Palau Sant Jordi,BARCELONA,ESPAÑA,09/06/2017,Live Nation
Don Haskins Center,TEXAS,ESTADOS UNIDOS,01/05/2019,Event Production Company
Trafalgar Centre Paru,NELSON,NUEVA ZELANDA,06/09/2020,Event Management NZ
Teatro Coliseo,SANTIAGO,CHILE,20/04/2018,Producciones oz limitada
Teatro Municipal de Santiago,SANTIAGO,CHILE,06/10/2022,Ais producciones
Columbianhalle,BERLIN,ALEMANIA,10/10/2020,Europages
Phoenix Concert Theatre,TORONTO,CANADA,09/11/2021,Yataco
Trafalgar Centre Paru,NELSON,NUEVA ZELANDA,01/04/2022,Queenstown Event Company
Estadio Nacional,BUENOS AIRES,ARGENTINA,14/01/2020,Ramasso Productora
Arena TSB Bank ,WELLINGTON,NUEVA ZELANDA,05/06/2018,Queenstown Event Company
Teatro Municipal de Santiago,SANTIAGO,CHILE,18/09/2020,DG Medios y espectaculos s.a.
Club Subterraneo ,SANTIAGO,CHILE,24/10/2022,Eventos mudness limitada
Pabellon Max Schmeling,BERLIN,ALEMANIA,05/09/2020,Nachhaltige Events
Estadio de Futbol Atanasio Girardot,MEDELLIN,COLOMBIA,09/04/2018,Rocko Saroni Eventos
Luna Park,BUENOS AIRES,ARGENTINA,15/05/2021,ESTADIUM LUNA PARK
Crypto.com Arena,LOS ANGELES,ESTADOS UNIDOS,17/04/2022,Revelation
Barclaycard Arena,HAMBURG,ALEMANIA,19/12/2017,B+D Events
Estadio Unico Diego Armando Maradona,BUENOS AIRES,ARGENTINA,15/03/2016,ATOMIC FILMS
Club Subterraneo ,SANTIAGO,CHILE,11/06/2019,Glovox producciones limitada
Palais 12,BRUSELAS,BELGICA,06/07/2016,Top Bruselas
Teatro Colon,BUENOS AIRES,ARGENTINA,29/05/2021,PROSPERO PRODUCCIONES
Raley Field,SACRAMENTO,ESTADOS UNIDOS,03/02/2017,Eveerlast Productions INC.
Club Subterraneo ,SANTIAGO,CHILE,24/10/2022,Eventos mudness limitada
Arena TSB Bank ,WELLINGTON,NUEVA ZELANDA,24/09/2019,Lets Dance
WIZink Center,MADRID,ESPAÑA,11/04/2021,Planet Events
Teatro Municipal de Santiago,SANTIAGO,CHILE,25/09/2021,Time for fun (t4f)
Club Subterraneo,SANTIAGO,CHILE,10/01/2020,DG Medios y espectaculos s.a.
Salitre Magico,BOGOTA,COLOMBIA,23/10/2019,Sinstress Eventos
Teatro Municipal de Santiago,SANTIAGO,CHILE,12/05/2020,Capsule producciones spa
SOF Q8 Toinha Brasil,BRASILIA,BRASIL,08/09/2020,BRL Eventos
Days Bay Pavilion,LOWER HUTT,NUEVA ZELANDA,02/08/2018,Ethno Nueva Zelanda
Sala But,MADRID,ESPAÑA,17/12/2019,Planet Events
UBS Arena,NUEVA YORK,ESTADOS UNIDOS,03/02/2018,Event Production Company
Shubert Theatre,BOSTON,ESTADOS UNIDOS,05/08/2017,Event Production Company
Arena Ludwingsburg,LUDWINGSBURG,ALEMANIA,23/01/2021,fullevent.de
Festhalle,FRANKFURT,ALEMANIA,14/08/2021,Europages
Niceto Club,BUENOS AIRES,ARGENTINA,01/11/2017,FEG ENTRETENIMIENTOS 
Festhalle,FRANKFURT,ALEMANIA,14/08/2021,Europages
Sala La Rivera,MADRID,ESPAÑA,20/06/2018,LetsGo Company
Vivo Rio,RIO DE JANEIRO,BRASIL,26/02/2016,Agencia 360
Warehouse Live,TEXAS,ESTADOS UNIDOS,02/03/2021,Los Angeles AV Production
Spark Arena,AUCKLAND,NUEVA ZELANDA,27/10/2020,Queenstown Event Company
Palau Sant Jordi,BARCELONA,ESPAÑA,20/04/2019,LetsGo Company
Thunder Bay,ONTARIO,CANADA,29/07/2020,EventsEye
Club Providencia,SANTIAGO,CHILE,08/06/2019,Casa eventos
The Anthem,WASHINGTON DC,ESTADOS UNIDOS,29/01/2018,AEG
Sala La Rivera,MADRID,ESPAÑA,07/08/2022,Live Nation
ZAG Arena,HANOVER,ALEMANIA,17/02/2016,MGC
Mercedes-Benz Arena,BERLIN,ALEMANIA,09/11/2020,Eventveranstalter Hamburg
Bilbao Arena,BILBAO,ESPAÑA,08/10/2021,Ibolele Producciones
Raley Field,SACRAMENTO,ESTADOS UNIDOS,30/03/2016,Live Nation
Teatro Caupolicán,SANTIAGO,CHILE,05/08/2018,Apparcel producciones limitada
Aotea Centre,AUCKLAND,NUEVA ZELANDA,01/05/2021,Lets Dance
Estadio Nacional,SANTIAGO,CHILE,17/08/2018,DG Medios y espectaculos s.a.
Mercedes-Benz Arena,BERLIN,ALEMANIA,10/04/2016,Bierlinerin
Club Subterraneo,SANTIAGO,CHILE,10/01/2020,DG Medios y espectaculos s.a.
SALA SANTANA,BILBAO,ESPAÑA,02/06/2022,Planet Events
Vivo Rio,RIO DE JANEIRO,BRASIL,26/02/2016,Agencia 360
Jeunesse Arena,RIO DE JANEIRO,BRASIL,13/07/2018,Somosfk
Sala La Rivera,MADRID,ESPAÑA,20/06/2018,LetsGo Company
Estadio ANZ,SYDNEY,AUTRALIA,09/07/2021,Expat
Olympiahalle,MUNICH,ALEMANIA,16/08/2016,Yataco
Luna Park,BUENOS AIRES,ARGENTINA,27/02/2020,COMPAÑÍA ARGENTINA DE SUEÑOS
UBS Arena,NUEVA YORK,ESTADOS UNIDOS,23/05/2021,Los Angeles AV Production
Estadio Nacional,SANTIAGO,CHILE,10/10/2021,Tolten eventos
Estadio Rose Bowl,LOS ANGELES,ESTADOS UNIDOS,08/12/2017,CSI DMC
FirstOntario Centre,HAMILTON,CANADA,07/07/2019,Canada Eventos
Estadio Bicentario de La Florida,SANTIAGO,CHILE,27/11/2018,Yellow House
La Marina de Valencia,VALENCIA,ESPAÑA,23/03/2022,LetsGo Company
Studio The Venue,AUCKLAND,NUEVA ZELANDA,29/05/2020,Leading Event Agency
Dodger Stadium,LOS ANGELES,ESTADOS UNIDOS,25/06/2022,Hartmann Studios
Teatro Teletón,SANTIAGO,CHILE,18/01/2021,Eventos luis maturana ortega e.i.r.l
Estadio Unico Diego Armando Maradona,BUENOS AIRES,ARGENTINA,15/03/2016,ATOMIC FILMS
Estadio Rose Bowl,LOS ANGELES,ESTADOS UNIDOS,08/11/2022,Live Nation
Trafalgar Centre Paru,NELSON,NUEVA ZELANDA,06/09/2020,Event Management NZ
ZAG Arena,HANOVER,ALEMANIA,17/02/2016,MGC
Niceto Club,BUENOS AIRES,ARGENTINA,22/07/2021,Ramasso Productora
Sala La Rivera,MADRID,ESPAÑA,20/06/2018,LetsGo Company
Espacio Unimed,SAO PAULO,BRASIL,01/08/2016,Somosfk
Club Providencia,SANTIAGO,CHILE,08/06/2019,Casa eventos
Aotea Centre,AUCKLAND,NUEVA ZELANDA,24/02/2021,manatua.nz
Pabellon Max Schmeling,BERLIN,ALEMANIA,05/09/2020,Nachhaltige Events
E-Werk,COLOGNE,ALEMANIA,30/01/2016,Europages
Pabellon Fuente de San Luis,VALENCIA,ESPAÑA,07/04/2020,Planet Events
Moon Valencia,VALENCIA,ESPAÑA,30/09/2019,LetsGo Company
Irving Plaza,NUEVA YORK,ESTADOS UNIDOS,11/05/2020,The Imagos
Estadio Unico Diego Armando Maradona,BUENOS AIRES,ARGENTINA,15/03/2016,ATOMIC FILMS
Don Haskins Center,TEXAS,ESTADOS UNIDOS,12/08/2018,Hartmann Studios
Vivo Rio,RIO DE JANEIRO,BRASIL,26/02/2016,Agencia 360
Tarpeian Precinct Lawn,SYDNEY,AUTRALIA,08/12/2018,YouTOOProject
Leons Centre,ONTARIO,CANADA,18/01/2018,Eventos Toronto Shaddai
Estadio ANZ,SYDNEY,AUTRALIA,21/06/2016,Event Hire Sydney
City Hall el Rodeo,MEDELLIN,COLOMBIA,28/03/2016,Onlygroundmusic
Aotea Centre,AUCKLAND,NUEVA ZELANDA,24/02/2021,manatua.nz
Pabellon Max Schmeling,BERLIN,ALEMANIA,05/09/2020,Nachhaltige Events
Cupula Multiespacio,SANTIAGO,CHILE,21/08/2018,DG Medios y espectaculos s.a.
Estadio Unico Diego Armando Maradona,BUENOS AIRES,ARGENTINA,15/03/2016,ATOMIC FILMS
La Marina de Valencia,VALENCIA,ESPAÑA,23/03/2022,LetsGo Company
Olympiahalle,MUNICH,ALEMANIA,16/08/2016,Yataco
The Anthem,WASHINGTON DC,ESTADOS UNIDOS,29/01/2018,AEG
Madison Square Garden,NUEVA YORK,ESTADOS UNIDOS,23/12/2018,The Imagos
Cupula Multiespacio,SANTIAGO,CHILE,13/11/2017,Time for fun (t4f)
Cirque Royal,BRUSELAS,BELGICA,16/07/2021,Expat
Teatro Municipal de Santiago,SANTIAGO,CHILE,25/09/2021,Time for fun (t4f)
Vivo Rio,RIO DE JANEIRO,BRASIL,26/02/2016,Agencia 360
Bikini Barcelona,BARCELONA,ESPAÑA,19/04/2020,Live Nation
Irving Plaza,NUEVA YORK,ESTADOS UNIDOS,09/12/2020,CSI DMC
Estadio Nacional,SANTIAGO,CHILE,17/08/2018,DG Medios y espectaculos s.a.
Teatro Teletón,SANTIAGO,CHILE,12/11/2016,Andeschimp spa
Arena TSB Bank ,WELLINGTON,NUEVA ZELANDA,07/08/2021,Event Management NZ
Air Canada Centre,TORONTO,CANADA,05/12/2021,Eventos Toronto Shaddai
Gran Arena Monticello,SANTIAGO,CHILE,05/07/2016,Dreams - eventos
Days Bay Pavilion,LOWER HUTT,NUEVA ZELANDA,02/08/2018,Ethno Nueva Zelanda
Casino de Viña del Mar,VIÑA DEL MAR,CHILE,01/01/2022,Glovox producciones limitada
Teatro Municipal de Santiago,SANTIAGO,CHILE,14/09/2022,Lotus producciones limitada
Teatro Mayor ,BOGOTA,COLOMBIA,29/05/2022,Tyg Eventos y Producciones
Shubert Theatre,BOSTON,ESTADOS UNIDOS,05/10/2021,Live Nation
Palau Sant Jordi,BARCELONA,ESPAÑA,03/01/2018,Live Nation
Lanxess Arena,COLOGNE,ALEMANIA,03/01/2018,CK Events Germany
Air Canada Centre,TORONTO,CANADA,18/10/2020,Eventos Toronto Shaddai
Vivo Rio,RIO DE JANEIRO,BRASIL,26/02/2016,Agencia 360
Warehouse Live,TEXAS,ESTADOS UNIDOS,04/02/2022,The Imagos
E-Werk,COLOGNE,ALEMANIA,03/06/2016,MGC
Palau Sant Jordi,BARCELONA,ESPAÑA,03/01/2018,Live Nation
Velodromo de Berlin,BERLIN,ALEMANIA,19/09/2022,KahnEvents GmbH
Metropol ,BERLIN,ALEMANIA,06/01/2020,Europages
Estadio Bicentario de La Florida,SANTIAGO,CHILE,15/10/2021,DG Medios y espectaculos s.a.
Estadio Rose Bowl,LOS ANGELES,ESTADOS UNIDOS,08/12/2017,CSI DMC
The Fillmore Philadelphia,PHILADELPHIA,ESTADOS UNIDOS,28/03/2017,Live Nation
Club Chocolate,SANTIAGO,CHILE,04/06/2022,Eventos luis maturana ortega e.i.r.l
Powerstation 33,AUCKLAND,NUEVA ZELANDA,30/05/2016,manatua.nz
City Hall el Rodeo,MEDELLIN,COLOMBIA,28/03/2016,Onlygroundmusic
LAUT,BARCELONA,ESPAÑA,08/10/2019,IndyRock
Teatro Colon,BUENOS AIRES,ARGENTINA,12/09/2019,FMG PRODUCCIONES
Teatro Gran Rex,BUENOS AIRES,ARGENTINA,02/02/2017,FMG PRODUCCIONES
Powerstation 33,AUCKLAND,NUEVA ZELANDA,30/05/2016,manatua.nz
WIZink Center,MADRID,ESPAÑA,11/04/2021,Planet Events
La Madeleine,BRUSELAS,BELGICA,28/01/2017,Xceed
Club Subterraneo ,SANTIAGO,CHILE,24/10/2022,Eventos mudness limitada
"Stage Live, Kalea",BILBAO,ESPAÑA,04/07/2016,Planet Events
Estadio Nacional,SANTIAGO,CHILE,17/08/2018,DG Medios y espectaculos s.a.
Raley Field,SACRAMENTO,ESTADOS UNIDOS,17/04/2017,The Imagos
Madison Square Garden,NUEVA YORK,ESTADOS UNIDOS,23/12/2018,The Imagos
Estadio Nacional,SANTIAGO,CHILE,10/10/2021,Tolten eventos
Bikini Barcelona,BARCELONA,ESPAÑA,19/04/2020,Live Nation
Teatro Municipal de Santiago,SANTIAGO,CHILE,16/09/2022,G & t business group spa
Teatro Gran Rex,BUENOS AIRES,ARGENTINA,24/07/2020,FMG PRODUCCIONES
Estadio Rose Bowl,LOS ANGELES,ESTADOS UNIDOS,13/07/2017,Revelation
Spark Arena,AUCKLAND,NUEVA ZELANDA,27/10/2020,Queenstown Event Company
Olympiahalle,MUNICH,ALEMANIA,16/08/2016,Yataco
Estadio Monumental,SANTIAGO,CHILE,16/06/2016,Vision world producciones limitada
Teatro Municipal de Santiago,SANTIAGO,CHILE,16/09/2022,G & t business group spa
Warehouse Live,TEXAS,ESTADOS UNIDOS,26/02/2020,Hartmann Studios
Studio The Venue,AUCKLAND,NUEVA ZELANDA,03/07/2020,Ethno Nueva Zelanda
Cupula Multiespacio,SANTIAGO,CHILE,13/11/2017,Time for fun (t4f)
Luna Park,BUENOS AIRES,ARGENTINA,05/02/2021,ESTADIUM LUNA PARK
Pabellon Max Schmeling,BERLIN,ALEMANIA,05/09/2020,Nachhaltige Events
The Brooklyn Monarch,NUEVA YORK,ESTADOS UNIDOS,25/08/2019,Event Production Company
Air Canada Centre,TORONTO,CANADA,18/10/2020,Eventos Toronto Shaddai
Kursaal Oostende,OSTEND,BELGICA,29/04/2019,Rove.me
Teatro Municipal de Santiago,SANTIAGO,CHILE,05/03/2016,Universal circus
Moon Valencia,VALENCIA,ESPAÑA,15/02/2016,Ibolele Producciones
Pabellon Max Schmeling,BERLIN,ALEMANIA,05/09/2020,Nachhaltige Events
Palau Sant Jordi,BARCELONA,ESPAÑA,26/07/2022,Live Nation
Club Subterraneo,SANTIAGO,CHILE,18/02/2018,DG Medios y espectaculos s.a.
Radio City Music Hall,NUEVA YORK,ESTADOS UNIDOS,28/08/2019,Live Nation
Estadio ANZ,SYDNEY,AUTRALIA,28/07/2019,CMG Audio Visual
Club Subterraneo ,SANTIAGO,CHILE,24/10/2022,Eventos mudness limitada
Leons Centre,ONTARIO,CANADA,18/01/2018,Eventos Toronto Shaddai
E-Werk,COLOGNE,ALEMANIA,03/06/2016,MGC
Teatro Gran Rex,BUENOS AIRES,ARGENTINA,24/07/2020,FMG PRODUCCIONES
Aussie Stadium,SYDNEY,AUTRALIA,20/04/2016,Event Hire Sydney
Club RBX,SANTIAGO,CHILE,12/11/2016,Street machine producciones s.a.
Columbianhalle,BERLIN,ALEMANIA,02/06/2020,Europages
Gran Arena Monticello,SANTIAGO,CHILE,05/07/2016,Dreams - eventos
Sala La Rivera,MADRID,ESPAÑA,20/06/2018,LetsGo Company
Don Haskins Center,TEXAS,ESTADOS UNIDOS,01/05/2019,Event Production Company
Teatro Teletón,SANTIAGO,CHILE,12/11/2016,Andeschimp spa
Independance Club,MADRID,ESPAÑA,30/2/2021,IndyRock
Arena TSB Bank ,WELLINGTON,NUEVA ZELANDA,07/08/2021,Event Management NZ
Club Subterraneo ,SANTIAGO,CHILE,24/10/2022,Eventos mudness limitada
Cupula Multiespacio,SANTIAGO,CHILE,21/08/2018,DG Medios y espectaculos s.a.
Niceto Club,BUENOS AIRES,ARGENTINA,11/12/2021,FMG PRODUCCIONES
Carioca Club,SAO PAULO,BRASIL,29/07/2018,BRL Eventos
HISTORY,TORONTO,CANADA,14/05/2022,Expat
Arena TSB Bank ,WELLINGTON,NUEVA ZELANDA,05/06/2018,Queenstown Event Company
La Marina de Valencia,VALENCIA,ESPAÑA,22/03/2022,Live Nation
Vivo Rio,RIO DE JANEIRO,BRASIL,26/02/2016,Agencia 360
La Madeleine,BRUSELAS,BELGICA,28/01/2017,Xceed
Estadio ANZ,SYDNEY,AUTRALIA,09/07/2021,Expat
Irving Plaza,NUEVA YORK,ESTADOS UNIDOS,11/05/2020,The Imagos
Estadio Nacional,SANTIAGO,CHILE,17/08/2018,DG Medios y espectaculos s.a.
Palacio de las Artes,VALENCIA,ESPAÑA,30-2-2019,LetsGo Company
Club RBX,SANTIAGO,CHILE,12/11/2016,Street machine producciones s.a.
Independance Club,MADRID,ESPAÑA,30/2/2021,IndyRock
Velodromo de Berlin,BERLIN,ALEMANIA,10/09/2018,Litmind
Niceto Club,BUENOS AIRES,ARGENTINA,11/12/2021,FMG PRODUCCIONES
HISTORY,TORONTO,CANADA,27/03/2017,EventsEye
Pabellon Max Schmeling,BERLIN,ALEMANIA,05/09/2020,Nachhaltige Events
Teatro Gran Rex,BUENOS AIRES,ARGENTINA,02/02/2017,FMG PRODUCCIONES
Warehouse Live,TEXAS,ESTADOS UNIDOS,02/03/2021,Los Angeles AV Production
The Fillmore Philadelphia,PHILADELPHIA,ESTADOS UNIDOS,28/03/2017,Live Nation
Shubert Theatre,BOSTON,ESTADOS UNIDOS,05/10/2021,Live Nation
Raley Field,SACRAMENTO,ESTADOS UNIDOS,03/02/2017,Eveerlast Productions INC.
UBS Arena,NUEVA YORK,ESTADOS UNIDOS,03/02/2018,Event Production Company
Pabellon Max Schmeling,BERLIN,ALEMANIA,05/09/2020,Nachhaltige Events
Teatro Colon,BUENOS AIRES,ARGENTINA,29/05/2021,PROSPERO PRODUCCIONES
Canadian Tire Centre,OTTAWA,CANADA,10/07/2020,Mayam Producciones
Carioca Club,SAO PAULO,BRASIL,29/07/2018,BRL Eventos
Jeunesse Arena,RIO DE JANEIRO,BRASIL,13/07/2018,Somosfk
Luna Park,BUENOS AIRES,ARGENTINA,06/09/2016,ESTADIUM LUNA PARK
Youtube Theatre,LOS ANGELES,ESTADOS UNIDOS,22/05/2018,Los Angeles AV Production
Estadio ANZ,SYDNEY,AUTRALIA,28/07/2019,CMG Audio Visual
E-Werk,COLOGNE,ALEMANIA,30/01/2016,Europages
Fundo Colmito,VIÑA DEL MAR,CHILE,15/12/2021,Comercial caupolican limitada
Warehouse Live,TEXAS,ESTADOS UNIDOS,04/02/2022,The Imagos
Thunder Bay,ONTARIO,CANADA,09/08/2022,EventsEye
Quinta Vergara,VIÑA DEL MAR,CHILE,21/07/2016,Casa eventos
Columbianhalle,BERLIN,ALEMANIA,10/10/2020,Europages
Estadio Unico Diego Armando Maradona,BUENOS AIRES,ARGENTINA,15/03/2016,ATOMIC FILMS
Shubert Theatre,BOSTON,ESTADOS UNIDOS,05/08/2017,Event Production Company
Phoenix Concert Theatre,TORONTO,CANADA,09/11/2021,Yataco
Espacio Unimed,SAO PAULO,BRASIL,15/02/2016,Brasil Stands
Movistar Arena,SANTIAGO,CHILE,04/05/2019,G & t business group spa
Gran Arena Monticello,SANTIAGO,CHILE,19/07/2016,Sony music entertainment chile s.a.
City Hall el Rodeo,MEDELLIN,COLOMBIA,03/03/2016,Animationphoenix
Palacio de las Artes,VALENCIA,ESPAÑA,30-2-2019,LetsGo Company
Vivo Rio,RIO DE JANEIRO,BRASIL,26/02/2016,Agencia 360
Vivo Rio,RIO DE JANEIRO,BRASIL,26/02/2016,Agencia 360
Teatro Mayor ,BOGOTA,COLOMBIA,29/05/2022,Tyg Eventos y Producciones
Olympiahalle,MUNICH,ALEMANIA,16/08/2016,Yataco
Opera de Sidney,SYDNEY,AUTRALIA,02/10/2019,Sydney WorldPride
Raley Field,SACRAMENTO,ESTADOS UNIDOS,30/03/2016,Live Nation
Casino de Viña del Mar,VIÑA DEL MAR,CHILE,01/01/2022,Glovox producciones limitada
Barclaycard Arena,HAMBURG,ALEMANIA,19/12/2017,B+D Events
LAUT,BARCELONA,ESPAÑA,08/10/2019,IndyRock
Teatro Municipal de Santiago,SANTIAGO,CHILE,05/03/2016,Universal circus
Explanada Ciudad Empresarial,SANTIAGO,CHILE,13/04/2020,Reverb - productora de eventos
Teatro Municipal de Valparaiso,VALPARAISO,CHILE,07/07/2018,Producciones musicales massivo reccords limitada
Movistar Arena,BUENOS AIRES,ARGENTINA,08/07/2019,ATOMIC FILMS
Fundo Colmito,VIÑA DEL MAR,CHILE,15/12/2021,Comercial caupolican limitada
Palau Sant Jordi,BARCELONA,ESPAÑA,26/07/2022,Live Nation
Arena Ludwingsburg,LUDWINGSBURG,ALEMANIA,23/01/2021,fullevent.de
Estadio Santa Laura,SANTIAGO,CHILE,16/12/2016,Global producciones spa
Bilbao Arena,BILBAO,ESPAÑA,08/10/2021,Ibolele Producciones
El Huevo,VALPARAISO,CHILE,30/09/2017,Global producciones spa
Tarpeian Precinct Lawn,SYDNEY,AUTRALIA,08/12/2018,YouTOOProject
Radio City Music Hall,NUEVA YORK,ESTADOS UNIDOS,04/11/2016,Hartmann Studios
Kursaal Oostende,OSTEND,BELGICA,04/12/2018,Litmind
Teatro Caupolicán,SANTIAGO,CHILE,05/08/2018,Apparcel producciones limitada
Air Canada Centre,TORONTO,CANADA,05/12/2021,Eventos Toronto Shaddai
Mercedes-Benz Arena,BERLIN,ALEMANIA,10/04/2016,Bierlinerin
Aussie Stadium,SYDNEY,AUTRALIA,20/04/2016,Event Hire Sydney
Sala Apolo,BARCELONA,ESPAÑA,26/02/2016,Live Nation
Aotea Centre,AUCKLAND,NUEVA ZELANDA,24/07/2016,Event Management NZ
Metropolitano Rosario,BUENOS AIRES,ARGENTINA,11/07/2020,ESPECTACULOS GALLO
Teatro Municipal de Santiago,SANTIAGO,CHILE,12/05/2020,Capsule producciones spa
Teatro Municipal de Santiago,SANTIAGO,CHILE,14/09/2022,Lotus producciones limitada
Quinta Vergara,VIÑA DEL MAR,CHILE,30/08/2018,G & t business group spa
Arena Ludwingsburg,LUDWINGSBURG,ALEMANIA,22/02/2017,B+D Events
Carrer Baix Vinalopo,MISLATA,ESPAÑA,01/06/2019,Live Nation
Sala La Rivera,MADRID,ESPAÑA,21/12/2020,Live Nation
Teatro Cariola,SANTIAGO,CHILE,19/07/2019,G & t business group spa
WIZink Center,MADRID,ESPAÑA,26/09/2017,Producciones Baltimore
Club Subterraneo ,SANTIAGO,CHILE,24/10/2022,Eventos mudness limitada
Club Subterraneo,SANTIAGO,CHILE,18/02/2018,DG Medios y espectaculos s.a.
Don Haskins Center,TEXAS,ESTADOS UNIDOS,12/08/2018,Hartmann Studios
The Anthem,WASHINGTON DC,ESTADOS UNIDOS,16/06/2016,Los Angeles AV Production
Estadio Rose Bowl,LOS ANGELES,ESTADOS UNIDOS,17/07/2022,Horwath Productions INC.
Olympiahalle,MUNICH,ALEMANIA,16/08/2016,Yataco
UBS Arena,NUEVA YORK,ESTADOS UNIDOS,23/05/2021,Los Angeles AV Production
Sala La Rivera,MADRID,ESPAÑA,20/06/2018,LetsGo Company
Palau Sant Jordi,BARCELONA,ESPAÑA,09/06/2017,Live Nation
Salitre Magico,BOGOTA,COLOMBIA,17/12/2022,Audio Level Eventos
Raley Field,SACRAMENTO,ESTADOS UNIDOS,17/04/2017,The Imagos
Teatro Municipal de Santiago,SANTIAGO,CHILE,06/10/2022,Ais producciones
Parque Bicentenario Cerrillos,SANTIAGO,CHILE,07/12/2018,Andres gardeweg producciones e.i.r.l
La Madeleine,BRUSELAS,BELGICA,09/10/2021,Xceed
Arena Ludwingsburg,LUDWINGSBURG,ALEMANIA,23/01/2021,fullevent.de
Olympiahalle,MUNICH,ALEMANIA,16/08/2016,Yataco
Pabellon Max Schmeling,BERLIN,ALEMANIA,05/09/2020,Nachhaltige Events
Antel Arena,BUENOS AIRES,ARGENTINA,02/08/2022,PROSPERO PRODUCCIONES
Wilterm Theatre,LOS ANGELES,ESTADOS UNIDOS,16/08/2017,Live Nation
Mercedes-Benz Arena,BERLIN,ALEMANIA,19/01/2022,Eventveranstalter Hamburg
Estadio Unico Diego Armando Maradona,BUENOS AIRES,ARGENTINA,15/03/2016,ATOMIC FILMS
Chango Club,MADRID,ESPAÑA,08/11/2018,Planet Events
"Stage Live, Kalea",BILBAO,ESPAÑA,04/07/2016,Planet Events
Teatro Cariola,SANTIAGO,CHILE,19/07/2019,G & t business group spa
Days Bay Pavilion,LOWER HUTT,NUEVA ZELANDA,28/03/2020,manatua.nz
Espacio Riesco,SANTIAGO,CHILE,22/12/2017,Productora energy in motion limitada
Niceto Club,BUENOS AIRES,ARGENTINA,22/07/2021,Ramasso Productora
Mercedes-Benz Arena,BERLIN,ALEMANIA,19/01/2022,Eventveranstalter Hamburg
Teatro Teletón,SANTIAGO,CHILE,12/11/2016,Andeschimp spa
Studio The Venue,AUCKLAND,NUEVA ZELANDA,29/05/2020,Leading Event Agency
Moon Valencia,VALENCIA,ESPAÑA,30/09/2019,LetsGo Company
Gran Arena Monticello,SANTIAGO,CHILE,29/06/2016,BDD Producciones
Olympiahalle,MUNICH,ALEMANIA,16/08/2016,Yataco
Club Chocolate,SANTIAGO,CHILE,04/06/2022,Eventos luis maturana ortega e.i.r.l
City Hall el Rodeo,MEDELLIN,COLOMBIA,03/03/2016,Animationphoenix
Gran Arena Monticello,SANTIAGO,CHILE,21/10/2016,DG Medios y espectaculos s.a.
Mercedes-Benz Arena,BERLIN,ALEMANIA,29/11/2022,Eventveranstalter Hamburg
Club Blondie,SANTIAGO,CHILE,18/05/2017,Producciones y eventos empire digital limitada
WIZink Center,MADRID,ESPAÑA,26/09/2017,Producciones Baltimore
Sala La Rivera,MADRID,ESPAÑA,20/06/2018,LetsGo Company
Youtube Theatre,LOS ANGELES,ESTADOS UNIDOS,22/05/2018,Los Angeles AV Production
SOF Q8 Toinha Brasil,BRASILIA,BRASIL,09/08/2019,Urban Music
Freiheitshalle,MUNICH,ALEMANIA,04/03/2022,B+D Events
Teatro Teletón,SANTIAGO,CHILE,18/01/2021,Eventos luis maturana ortega e.i.r.l
Estadio Nacional,SANTIAGO,CHILE,17/08/2018,DG Medios y espectaculos s.a.
Sala Apolo,BARCELONA,ESPAÑA,07/03/2019,Live Nation
Shubert Theatre,BOSTON,ESTADOS UNIDOS,21/06/2020,The Imagos
Metropolitano Rosario,BUENOS AIRES,ARGENTINA,11/07/2020,ESPECTACULOS GALLO
Hipodromo de Palermo,BUENOS AIRES,ARGENTINA,24/08/2017,FEG ENTRETENIMIENTOS
Sala La Rivera,MADRID,ESPAÑA,07/08/2022,Live Nation
The Brooklyn Monarch,NUEVA YORK,ESTADOS UNIDOS,25/08/2019,Event Production Company
Forest National,FOREST,BELGICA,14/11/2018,Global Journey
Days Bay Pavilion,LOWER HUTT,NUEVA ZELANDA,03/03/2021,Leading Event Agency
El Huevo,VALPARAISO,CHILE,11/08/2022,G & t business group spa
Teatro Municipal de Valparaiso,VALPARAISO,CHILE,07/07/2018,Producciones musicales massivo reccords limitada
Movistar Arena,BUENOS AIRES,ARGENTINA,08/07/2019,ATOMIC FILMS
Vivo Rio,RIO DE JANEIRO,BRASIL,26/02/2016,Agencia 360
Thunder Bay,ONTARIO,CANADA,29/07/2020,EventsEye
Columbianhalle,BERLIN,ALEMANIA,02/06/2020,Europages
Club Blondie,SANTIAGO,CHILE,18/05/2017,Producciones y eventos empire digital limitada
Estadio Nacional,SANTIAGO,CHILE,17/08/2018,DG Medios y espectaculos s.a.
La Madeleine,BRUSELAS,BELGICA,09/10/2021,Xceed
Sala La Rivera,MADRID,ESPAÑA,20/06/2018,LetsGo Company
Cirque Royal,BRUSELAS,BELGICA,16/07/2021,Expat
Wilterm Theatre,LOS ANGELES,ESTADOS UNIDOS,16/08/2017,Live Nation
Aotea Centre,AUCKLAND,NUEVA ZELANDA,01/05/2021,Lets Dance
Warehouse Live,TEXAS,ESTADOS UNIDOS,01/12/2016,AEG
Aotea Centre,AUCKLAND,NUEVA ZELANDA,24/07/2016,Event Management NZ
SALA SANTANA,BILBAO,ESPAÑA,18/04/2021,IndyRock
El Huevo,VALPARAISO,CHILE,30/09/2017,Global producciones spa
Olympiahalle,MUNICH,ALEMANIA,16/08/2016,Yataco
Palais 12,BRUSELAS,BELGICA,06/07/2016,Top Bruselas
Parque Bicentenario Cerrillos,SANTIAGO,CHILE,07/12/2018,Andres gardeweg producciones e.i.r.l
Radio City Music Hall,NUEVA YORK,ESTADOS UNIDOS,28/08/2019,Live Nation
Luna Park,BUENOS AIRES,ARGENTINA,06/09/2016,ESTADIUM LUNA PARK
Vivo Rio,RIO DE JANEIRO,BRASIL,26/02/2016,Agencia 360
Velodromo de Berlin,BERLIN,ALEMANIA,19/09/2022,KahnEvents GmbH
Palau Sant Jordi,BARCELONA,ESPAÑA,20/04/2019,LetsGo Company
Estadio Nacional,BUENOS AIRES,ARGENTINA,14/01/2020,Ramasso Productora
Mercedes-Benz Arena,BERLIN,ALEMANIA,29/11/2022,Eventveranstalter Hamburg
Canadian Tire Centre,OTTAWA,CANADA,10/07/2020,Mayam Producciones
Radio City Music Hall,NUEVA YORK,ESTADOS UNIDOS,04/11/2016,Hartmann Studios
Columbianhalle,BERLIN,ALEMANIA,19/12/2022,Nachhaltige Events
Arena Ludwingsburg,LUDWINGSBURG,ALEMANIA,23/01/2021,fullevent.de
Club Subterraneo ,SANTIAGO,CHILE,24/10/2022,Eventos mudness limitada
Estadio Rose Bowl,LOS ANGELES,ESTADOS UNIDOS,08/11/2022,Live Nation
Luna Park,BUENOS AIRES,ARGENTINA,27/02/2020,COMPAÑÍA ARGENTINA DE SUEÑOS
Estadio Unico Diego Armando Maradona,BUENOS AIRES,ARGENTINA,15/03/2016,ATOMIC FILMS
Espacio Unimed,SAO PAULO,BRASIL,15/02/2016,Brasil Stands
La Marina de Valencia,VALENCIA,ESPAÑA,22/03/2022,Live Nation
Teatro Teletón,SANTIAGO,CHILE,12/11/2016,Andeschimp spa
Dodger Stadium,LOS ANGELES,ESTADOS UNIDOS,25/06/2022,Hartmann Studios
Estadio Unico Diego Armando Maradona,BUENOS AIRES,ARGENTINA,15/03/2016,ATOMIC FILMS
Chango Club,MADRID,ESPAÑA,08/11/2018,Planet Events
Espacio Riesco,SANTIAGO,CHILE,22/12/2017,Productora energy in motion limitada
Carrer Baix Vinalopo,MISLATA,ESPAÑA,01/06/2019,Live Nation