Nombre artistico,Nº contacto
Mercedes Sosa,963954428
Daddy Yankee,940529645
Bad Bunny,947280374
Rita Ora,961369648
James Arthur,934632766
One Republic,995270949
Martin Garrix,929045472
Tini Stoessel,941225248
Wisin & Yandel,956753895
Wos,957844262
Khea,927484546
Paramore,929555266
RBD,950188491
Javiera Mena ,986522406
Tini Stoessel,941225248
Dimitri Vegas,939073261
Francisca Valenzuela,966945998
Mon Laferte,982606150
Anderson Paak,955501853
Armin Van Buuren,997229819
Camilo,934795661
Polima Westcoast,983712079
Olivia Rodrigo,964260273
San Smith,921637312
Bebe Rexha,941006652
Iggy Azalea,948409523
Selena Gomez,965782056
Kygo,973701980
Francisca Valenzuela,966945998
Swedish House Mafia,965563416
Snow,997893788
Lana del Rey,936966233
Gustavo Cerati,970001986
Coldplay,948418254
Becky G,960918792
Katy Perry,976818085
Mecano,997966246
Rels B,959381237
Bizarrap,957841287
Luar La L,947097132
Rosalia,940118540
Wisin & Yandel,956753895
Anitta,973963709
Bon Jovi,955184653
The Martinez Brothers,943821514
The Weeknd,915409131
Khea,927484546
Bruno Mars,916973915
Jessie J,927477707
Martin Garrix,929045472
Francisca Valenzuela,966945998
Duncan Laurence,928665620
Shakira,968779874
Gepe,939144652
Kudai,967999139
Paramore,929555266
RBD,950188491
DrefQuila,978921330
Conan Gray,946537815
Emilia,982567659
Avicii,949472485
James Arthur,934632766
Belinda,949427374
Harry Styles,921984412
Post Malone,995199819
Anitta,973963709
Bebe Rexha,941006652
Bizarrap,957841287
Beto Cuevas,985257378
Katy Perry,976818085
Coldplay,948418254
Maroon 5,980661009
Lali Esposito,931688619
Elton John,977197029
David Guetta,953659842
Paloma Mami,993088852
Jessie J,927477707
Cami,919240255
Taylor Swift,927980752
Tool,911029221
Jordan 23,929827413
Demi Lovato,966266292
Belinda,949427374
Los Tres,999623936
Swedish House Mafia,965563416
Sech,975043120
Becky G,960918792
Camila Cabello,934165822
Bon Jovi,955184653
Calvin Harris,952890198
Snow,997893788
Lali Esposito,931688619
The Beatles,935590945
Michael Jackson,973673018
Camilo,934795661
Rihanna,923463731
Ariana Grande,987949720
Ñengo Flow,966502081
Dua Lipa,940365613
Afrojack,918347567
Princesa Alba,942598359
Cami,919240255
Niall Horan,995981081
Jennifer Lopez,970935391
Backstreet Boys,933555053
EXO,927778771
Eagles,985611623
Santaferia,929271229
U2,966165257
Ed Sheeran,964978612
El Alfa,969280269
Bebe Rexha,941006652
Big Time Rush,999133819
Beto Cuevas,985257378
Los Tres,999623936
U2,966165257
Quevedo,935384790
Denisse Rossenthal,953146961
Cami,919240255
Selena Gomez,965782056
Daniel Caesar,983586546
DrefQuila,978921330
Shakira,968779874
Santaferia,929271229
Daft Punk,942185545
Kesha,958108175
Camila Cabello,934165822
Rita Ora,961369648
San Smith,921637312
Trueno,945949058
El Alfa,969280269
Soda Stereo,985599351
Mabel,938764021
Olivia Rodrigo,964260273
Nicki Nicole,969552547
Eminem,929558826
Nathy Peluso,992435882
Lola Indigo,968455812
Lady Gaga,924988709
The Martinez Brothers,943821514
Tiago PZK,965219427
Big Time Rush,999133819
Khalid,994626292
Nicki Minaj,975557868
Nicki Nicole,969552547
Becky G,960918792
Miley Cyrus,946376863
TWICE,987645175
ABBA,915645966
Michael Jackson,973673018
Paloma Mami,993088852
Zayn,940157454
Prince Royce,961666571
Karol G,976919684
Iggy Azalea,948409523
Wos,957844262
Doja Cat,935261165
DrefQuila,978921330
Louis Tomlinson,913830024
One Republic,995270949
Romeo Santos,982924491
Aerosmith,985760140
Anderson Paak,955501853
Bruno Mars,916973915
Elton John,977197029
Masked Wolf,987974376
Feid,961882304
Sia,984038775
Bad Bunny,947280374
Marcianeke,987083331
Prince Royce,961666571
Manuel Turizo,998793263
Quevedo,935384790
Travis Scott,975788726
R3hab,972055434
5 Seconds of Summer,965616576
Soda Stereo,985599351
Pailita,971912523
Lady Gaga,924988709
Pablo Chill-E,915840931
Pearl Jam,936631056
Eminem,929558826
Nicky Romero,928035540
Anuel AA,983021516
Cardi B,925935449
Black Eyed Peas,950858150
Kanye West,970662081
Conan Gray,946537815
SZA,965688561
Manuel Turizo,998793263
Fito Paez,959274711
ABBA,915645966
Duki,947967523
Jordan 23,929827413
Jason Derulo,921151393
A7S,933373140
Alesso,951438732
Sech,975043120
Paulo Londra,983104916
Pablo Chill-E,915840931
Alan Walker,987616866
Justin Bieber,922626325
Daddy Yankee,940529645
Francisca Valenzuela,966945998
Anuel AA,983021516
Cami,919240255
Billie Eilish,973488524
Beyonce,973234429
Bee Gees,941081288
Cami,919240255
Santaferia,929271229
Bee Gees,941081288
Sia,984038775
Oasis,957805412
Travis Scott,975788726
Zayn,940157454
Queen,919871015
Cris MJ,983438755
Mercedes Sosa,963954428
Cardi B,925935449
Justin Bieber,922626325
Karol G,976919684
Skrillex,974420837
Rihanna,923463731
Denisse Rossenthal,953146961
Jonas Brothers ,959440414
Paulo Londra,983104916
Los Tres,999623936
Paloma Mami,993088852
Polima Westcoast,983712079
Drake,931590642
Javiera Mena ,986522406
Daniel Caesar,983586546
Ed Sheeran,964978612
Iggy Azalea,948409523
Anuel AA,983021516
Big Bang,951733400
Anderson Paak,955501853
Nicky Jam,912324511
Anitta,973963709
Lewis Capaldi,989055134
Cris MJ,983438755
Maluma,977039385
Paramore,929555266
Maroon 5,980661009
Reik,933992812
Diplo,982487000
Big Bang,951733400
AC/DC,995810075
Cirque du Solei,995258657
Fito Paez,959274711
Karol G,976919684
Gepe,939144652
My Chemical Romance,960928699
Harry Styles,921984412
Lali Esposito,931688619
Javiera Mena ,986522406
Justin Bieber,922626325
Bizarrap,957841287
5 Seconds of Summer,965616576
Los Prisioneros,961127854
Queen,919871015
Jordan 23,929827413
Backstreet Boys,933555053
La Ley,995671922
Bizarrap,957841287
Cazzu,934936222
Chris Brown,975745468
Billie Eilish,973488524
TWICE,987645175
Gustavo Cerati,970001986
Ed Sheeran,964978612
The Weeknd,915409131
Oasis,957805412
Emilia,982567659
Rauw Alejando,955501894
Fito Paez,959274711
Sia,984038775
Beto Cuevas,985257378
Wos,957844262
Hansen,983362552
Blackpink,989844916
Mabel,938764021
Blackpink,989844916
EXO,927778771
Pablo Chill-E,915840931
Los Prisioneros,961127854
Camilo,934795661
Chris Brown,975745468
EXO,927778771
Mecano,997966246
Conan Gray,946537815
Maria Becerra,949276629
Camila,965638977
Duki,947967523
Calvin Harris,952890198
Beele,964601087
Natti Natasha,985409715
Rauw Alejando,955501894
Soda Stereo,985599351
Maluma,977039385
One Republic,995270949
Hansen,983362552
Rosalia,940118540
Robin Schulz,973271147
Rita Ora,961369648
Post Malone,995199819
Niall Horan,995981081
Hardwell,967614670
Daniel Caesar,983586546
Rolling Stones,983093866
Selena Gomez,965782056
Madonna,975879650
Trueno,945949058
Paloma Mami,993088852
Chris Brown,975745468
Wisin & Yandel,956753895
Charly Garcia,936094458
Rauw Alejando,955501894
Gustavo Cerati,970001986
Pablo Chill-E,915840931
Beele,964601087
Kesha,958108175
Mon Laferte,982606150
Cirque du Solei,995258657
Shawn Mendes,936993947
Cazzu,934936222
Pink Floyd,975853985
Maroon 5,980661009
Shawn Mendes,936993947
Princesa Alba,942598359
RBD,950188491
Zayn,940157454
Imagine Dragons,911534156
DrefQuila,978921330
Paloma Mami,993088852
BTS,927664139
Eminem,929558826
Drake,931590642
Natti Natasha,985409715
Mon Laferte,982606150
Bon Jovi,955184653
Pablo Chill-E,915840931
Michael Jackson,973673018
Pailita,971912523
Daddy Yankee,940529645
Morat,985349813
Steve Aoki,949290424
David Guetta,953659842
Nicki Minaj,975557868
Soda Stereo,985599351
Mon Laferte,982606150
Sebastian Yatra,951415206
Feid,961882304
Kudai,967999139
Olivia Rodrigo,964260273
Elton John,977197029
Shakira,968779874
Jennifer Lopez,970935391
Red Hot Chili Peppers,960007945
Los Tres,999623936
Romeo Santos,982924491
Ariana Grande,987949720
Cazzu,934936222
Javiera Mena ,986522406
Maluma,977039385
Lana del Rey,936966233
Bizarrap,957841287
Rihanna,923463731
Sam Smith,976355353
One Direction,932401632
Los Prisioneros,961127854
Maria Becerra,949276629
The Beatles,935590945
J Balvin,945386972
Gepe,939144652
Cris MJ,983438755
Eagles,985611623
Nathy Peluso,992435882
Post Malone,995199819
Miley Cyrus,946376863
Duki,947967523
Princesa Alba,942598359
Tini Stoessel,941225248
One Direction,932401632
C Tangana,984531307
Lana del Rey,936966233
BTS,927664139
Charly Garcia,936094458
Khalid,994626292
Oasis,957805412
Manuel Turizo,998793263
Mabel,938764021
Maria Becerra,949276629
Mercedes Sosa,963954428
Taylor Swift,927980752
The Martinez Brothers,943821514
Ozuna,984218361
Los Prisioneros,961127854
Louis Tomlinson,913830024
New Kids on the Block,959073060
Kesha,958108175
Daft Punk,942185545
New Kids on the Block,959073060
Wiz Khalifa,935092324
Charly Garcia,936094458
Beyonce,973234429
Swedish House Mafia,965563416
Ozuna,984218361
Ellie Gowlding,945109289
Dua Lipa,940365613
Tate McRae,971961118
Farruko,920944230
Khalid,994626292
Imagine Dragons,911534156
Big Bang,951733400
Masked Wolf,987974376
Santaferia,929271229
C Tangana,984531307
Rosalia,940118540
Denisse Rossenthal,953146961
Polima Westcoast,983712079
Jonas Brothers ,959440414
Tiesto,933018809
Megan Trainor,928343571
Madonna,975879650
Marcianeke,987083331
La Oreja de Van Gogh,966357123
SZA,965688561
J Balvin,945386972
Dua Lipa,940365613
A7S,933373140
Tate McRae,971961118
Tiago PZK,965219427
Megan Trainor,928343571
Dimitri Vegas,939073261
AC/DC,995810075
Rels B,959381237
Cris MJ,983438755
Masked Wolf,987974376
Khea,927484546
Demi Lovato,966266292
TWICE,987645175
Rolling Stones,983093866
The Weeknd,915409131
Bad Bunny,947280374
Zedd,942303963
Lola Indigo,968455812
Rels B,959381237
Cirque du Solei,995258657
Daft Punk,942185545
ABBA,915645966
Radiohead,924174144
Red Hot Chili Peppers,960007945
Harry Styles,921984412
Luar La L,947097132
Snow,997893788
Calvin Harris,952890198
Ozuna,984218361
Doja Cat,935261165
Nicki Nicole,969552547
Marshmello,981287193
La Ley,995671922
Luar La L,947097132
Sebastian Yatra,951415206
Mon Laferte,982606150
Hardwell,967614670
Mecano,997966246
James Arthur,934632766
Tate McRae,971961118
Pailita,971912523
Farruko,920944230
Billie Eilish,973488524
Jason Derulo,921151393
Major Lazer,932346486
Quevedo,935384790
Denisse Rossenthal,953146961
Marcianeke,987083331
Duncan Laurence,928665620
Backstreet Boys,933555053
Kanye West,970662081
DJ Snake,998552223
Aerosmith,985760140
J Balvin,945386972
Ñengo Flow,966502081
Cirque du Solei,995258657
Lewis Capaldi,989055134
Los Tres,999623936
Nicky Jam,912324511
Tiesto,933018809
Black Eyed Peas,950858150
La Oreja de Van Gogh,966357123
Cirque du Solei,995258657
Los Prisioneros,961127854
Louis Tomlinson,913830024
Beto Cuevas,985257378
Ariana Grande,987949720
Soda Stereo,985599351
Santaferia,929271229
Doja Cat,935261165
Paulo Londra,983104916
Blackpink,989844916
Morat,985349813
Romeo Santos,982924491
Duncan Laurence,928665620